episodes,elapsed_s,mean_score,max_score,moves_per_s,r1024,r2048,r4096,r8192,r16384,r32768,mean_value,mean_abs_td_error,restart_episodes,restart_32k,pool_size
2000,67.2,264497.9,522040,237372,99.9141,99.2268,97.2509,91.9244,67.4399,0.1718,212807.73,394.67,836,4,788
4000,130.9,271662.0,407176,238246,99.3884,99.0826,96.9419,91.9470,70.9480,0.0000,211815.30,394.68,1855,8,1487
6000,195.3,264555.4,513116,238138,99.7110,98.7476,96.8208,91.5222,67.1484,0.0963,212623.46,392.53,2817,14,2188
8000,260.0,264037.6,529676,237622,99.9035,98.9382,96.4286,92.5676,67.3745,0.2896,212865.11,399.35,3781,22,2890
10000,323.7,266522.1,470168,238353,99.4203,98.6473,96.7150,90.7246,68.5990,0.0966,211908.98,398.89,4746,29,3600
12000,386.8,267638.9,439356,238710,99.9009,99.0089,97.5223,92.7651,69.3756,0.0000,212546.61,395.00,5737,34,4303
14000,450.4,267554.8,387144,239038,99.6055,99.4083,98.0276,93.7870,68.2446,0.0000,212426.12,394.22,6723,37,4993
16000,514.9,272325.8,386636,239034,99.7015,99.3035,98.0100,92.9353,70.6468,0.0000,211841.34,394.26,7718,39,5704
18000,574.6,262446.8,386868,239902,99.7932,99.0693,96.8976,92.1406,66.7011,0.0000,213284.52,391.07,8751,41,6349
20000,637.7,266566.8,528172,240043,99.9011,99.6044,98.0218,93.5707,67.9525,0.0989,212902.77,393.47,9740,42,7038
22000,699.6,267564.1,499132,240553,99.7033,99.2087,97.9228,93.5707,68.2493,0.0989,212507.06,393.49,10729,49,7733
24000,761.6,261478.1,483740,240560,99.7980,99.5960,98.0808,92.1212,66.3636,0.1010,213333.30,392.85,11739,54,8392
26000,823.6,266083.5,550888,240708,99.4939,98.8866,97.5709,92.1053,68.3198,0.2024,212392.87,394.14,12751,59,9067
28000,883.7,261865.2,386684,241200,99.7978,99.6967,97.9778,92.6188,67.0374,0.0000,213037.74,396.39,13762,61,9731
30000,944.3,267953.2,531496,241718,100.0000,99.7955,98.1595,92.2290,69.1207,0.2045,212096.32,396.61,14784,67,10410
32000,1005.1,265583.9,435760,242243,99.7070,99.4141,97.6562,92.8711,68.0664,0.0000,212626.42,395.98,15760,71,11107
34000,1064.6,262327.9,504192,242751,99.6976,98.8911,97.1774,92.1371,66.1290,0.1008,212374.01,401.01,16768,77,11764
36000,1125.9,263784.9,386940,243125,99.6135,98.8406,96.7150,91.7874,67.3430,0.0000,212535.91,393.24,17733,80,12466
38000,1188.0,268370.6,387956,243233,99.8995,98.9950,97.2864,91.7588,69.2462,0.0000,211737.90,393.25,18738,83,13156
40000,1247.1,264562.6,477832,243545,99.8926,99.4629,96.4554,91.4071,67.2395,0.1074,212328.96,393.03,19807,88,13783
42000,1309.7,262699.5,565420,243225,99.6907,99.6907,97.9381,92.1649,67.3196,0.1031,213111.79,394.95,20837,91,14438
44000,1371.4,265449.2,546176,243199,100.0000,99.2901,97.0588,92.4949,68.5598,0.1014,212733.30,392.55,21851,94,15115
46000,1432.7,267491.4,514720,243407,99.7003,99.3007,98.0020,92.4076,68.0320,0.0999,211722.09,399.78,22850,98,15798
48000,1494.2,266902.6,386924,243546,99.8000,99.5000,97.9000,92.5000,68.7000,0.0000,212324.99,392.20,23850,99,16487
50000,1554.8,266021.9,387316,243684,99.3902,98.8821,96.8496,92.3780,68.2927,0.0000,212304.83,393.79,24866,106,17164
52000,1615.8,262339.0,386880,243806,99.9028,99.0282,97.0845,92.6142,66.2779,0.0000,212894.77,394.19,25837,109,17849
54000,1676.4,268012.8,415120,243978,99.3921,99.0881,97.2644,93.3131,69.7062,0.0000,211948.87,395.89,26850,112,18538
56000,1736.9,268978.8,470028,244127,99.8976,99.1812,96.8270,92.7329,68.1679,0.1024,211671.15,395.91,27873,115,19207
58000,1795.6,263074.3,387028,244473,99.7980,99.3939,97.4747,91.6162,67.4747,0.0000,212523.82,394.96,28883,119,19873
60000,1855.7,262839.7,386952,244657,99.9011,99.2087,96.7359,92.4827,68.2493,0.0000,212562.37,396.02,29872,120,20564
62000,1915.0,265934.2,404964,244910,100.0000,99.3834,97.7390,92.8058,67.8314,0.0000,212348.89,398.60,30899,125,21223
64000,1974.2,262484.1,386712,245168,99.8018,99.0089,97.2250,92.3687,65.6095,0.0000,212639.71,393.22,31890,126,21884
66000,2034.5,267295.1,385512,245408,99.7047,99.3110,97.2441,93.3071,68.0118,0.0000,212189.94,392.74,32874,134,22579
68000,2097.1,270160.0,548764,245421,99.9023,99.2188,98.0469,92.7734,69.4336,0.2930,211831.33,395.34,33850,139,23294
70000,2159.8,270153.3,486196,245210,99.7908,99.3724,97.1757,92.5732,69.7699,0.2092,211532.94,397.65,34894,142,23963
72000,2223.2,265308.6,476980,245035,99.8026,98.9141,97.0385,92.4975,68.0158,0.0987,212058.44,395.04,35881,147,24656
74000,2285.2,262669.5,386880,244865,99.7940,99.2791,97.1164,92.8939,67.3532,0.0000,212970.53,395.14,36910,153,25309
76000,2349.0,263641.6,556632,244689,99.5160,98.9351,96.8054,92.0620,66.5053,0.0968,212338.07,393.31,37877,156,25999
78000,2412.6,266142.0,563752,244577,100.0000,99.7050,97.4435,93.0187,68.6332,0.0983,212381.15,396.30,38860,161,26699
80000,2475.7,266469.3,387300,244487,99.9001,99.2008,97.0030,92.2078,68.1319,0.0000,211989.19,392.23,39859,163,27383
82000,2538.2,267074.5,386768,244473,99.7021,98.6097,96.8222,91.6584,68.9176,0.0000,211672.85,394.62,40852,168,28077
84000,2600.5,260474.6,387256,244307,99.7970,99.0863,96.2437,90.3553,66.2944,0.0000,212278.39,394.65,41867,173,28733
86000,2665.7,263668.2,387444,243977,100.0000,99.3896,97.8637,92.2686,66.4293,0.0000,212391.52,395.72,42884,179,29389
88000,2728.2,271310.0,509972,243985,99.7012,99.3028,97.5100,91.4343,71.9124,0.0996,211055.94,397.83,43880,183,30111
90000,2787.7,264546.1,564500,244143,99.8989,99.6967,97.4722,91.4055,68.2508,0.1011,211833.12,401.55,44891,186,30788
92000,2848.4,271967.7,385480,244300,99.7976,99.1903,97.7733,94.7368,71.1538,0.0000,211726.98,395.08,45903,190,31492
94000,2910.6,267057.2,498788,244288,99.8990,99.2929,97.6768,91.6162,68.7879,0.2020,211726.70,398.30,46913,191,32176
96000,2974.2,266150.1,438268,244156,99.8022,99.1098,97.8239,93.2740,66.5678,0.0000,212104.94,394.90,47902,192,32848
98000,3035.5,262650.3,387004,244181,100.0000,99.3110,97.3425,92.4213,67.3228,0.0000,212662.32,395.28,48886,197,33533
100000,3096.8,261353.8,406712,244220,99.3250,98.8428,96.2392,90.5497,66.0559,0.0000,212187.18,394.28,49849,201,34220
102000,3158.2,269149.5,620996,244306,99.6008,99.4012,97.6048,92.4152,69.9601,0.0998,211569.55,394.47,50847,204,34922
104000,3217.4,266886.4,533976,244513,99.7044,99.5074,98.1281,92.5123,69.8522,0.0985,212472.07,392.15,51832,210,35633
106000,3276.9,263111.9,387200,244685,99.8047,99.3164,97.6562,91.3086,66.9922,0.0000,212157.70,398.81,52808,214,36321
108000,3339.1,266014.5,386584,244630,99.7972,99.3915,97.0588,92.0892,68.7627,0.0000,211889.93,397.53,53822,215,36997
110000,3404.2,268845.9,500484,244494,99.9047,99.2374,97.8074,92.4690,69.4948,0.0953,211636.48,394.77,54773,216,37730
112000,3467.4,263970.0,530116,244377,99.8004,99.5010,97.7046,91.7166,67.0659,0.2994,212268.20,395.06,55771,219,38403
114000,3529.9,268128.3,387744,244274,99.6855,98.7421,97.6939,92.3480,68.8679,0.0000,211786.38,391.98,56817,224,39061
116000,3592.9,259738.1,471112,244169,99.7090,99.1271,95.8293,90.3007,66.7313,0.0970,212406.66,397.60,57786,228,39752
118000,3657.0,266752.0,528992,244093,99.9044,99.3308,96.9407,92.1606,68.4512,0.2868,211656.53,392.96,58740,231,40472
120000,3720.1,268076.4,533432,244069,99.9038,99.5192,98.3654,92.8846,68.6538,0.0962,211485.56,399.13,59700,235,41188
122000,3783.0,265494.7,514228,243957,99.8960,99.2723,96.7775,93.1393,67.9834,0.1040,212139.10,390.82,60738,240,41843
124000,3846.5,264368.1,386368,243864,100.0000,98.9205,96.9578,92.1492,66.9284,0.0000,211704.98,396.31,61719,243,42528
126000,3909.0,262882.0,387236,243827,99.9021,98.8247,97.1596,91.9687,66.6993,0.0000,212287.25,393.89,62698,247,43207
128000,3969.7,266002.1,513032,243869,100.0000,99.7959,97.5510,91.6327,68.5714,0.1020,211960.14,392.72,63718,250,43883
130000,4032.0,266064.2,386364,243811,99.4888,98.9775,97.0348,92.4335,68.7117,0.0000,211722.28,395.15,64740,252,44554
132000,4095.6,264904.2,533468,243722,99.8006,99.6012,97.2084,92.7218,66.7996,0.1994,212067.70,396.27,65737,254,45226
134000,4156.9,263932.9,532596,243682,99.5846,99.1693,96.8847,92.1080,67.7051,0.1038,211889.00,395.75,66774,256,45879
136000,4218.9,262608.7,497252,243652,99.8033,99.4100,96.3618,91.4454,66.7650,0.0983,211894.44,400.59,67757,260,46562
138000,4280.7,263393.2,532548,243670,99.9023,99.3164,97.8516,92.8711,66.2109,0.1953,212369.27,392.44,68733,266,47240
140000,4342.6,265298.0,513412,243608,99.7919,99.4797,98.0229,92.6119,69.1988,0.1041,212480.31,391.54,69772,268,47909
142000,4405.7,262725.8,387540,243526,99.6008,99.0020,97.6048,92.3154,67.5649,0.0000,212640.20,388.65,70770,272,48587
144000,4468.6,265453.4,388784,243472,100.0000,99.4006,97.4026,92.8072,67.5325,0.0000,211599.82,399.23,71769,276,49265
146000,4532.2,269445.0,387060,243437,99.9012,99.3083,97.6285,93.3794,70.2569,0.0000,211660.24,392.97,72757,282,49977
148000,4594.0,263365.4,387172,243374,99.8948,99.4742,97.7918,92.8496,67.2976,0.0000,212733.71,388.11,73806,283,50619
150000,4656.6,267510.0,386748,243352,99.9001,99.2008,96.8032,91.5085,69.3307,0.0000,211295.57,400.31,74805,284,51312
152000,4719.9,264201.2,529156,243278,99.8031,98.7205,97.2441,91.9291,67.4213,0.1969,211863.65,396.04,75789,288,52001
154000,4783.3,265334.9,499784,243251,99.8043,99.4129,96.7710,92.1722,68.5910,0.0978,211934.57,393.93,76767,289,52701
156000,4844.7,263669.8,486800,243256,100.0000,99.2965,98.1910,92.3618,66.8342,0.1005,212026.18,396.81,77772,291,53367
158000,4906.9,259937.2,488336,243194,100.0000,98.9899,97.5758,90.8081,65.5556,0.2020,211823.02,397.37,78782,291,54020
160000,4970.4,259197.2,532056,243090,99.6016,98.9044,96.6135,91.8327,64.6414,0.1992,212395.30,398.76,79778,295,54672
162000,5032.9,266393.5,518240,243087,100.0000,99.4980,97.1888,92.4699,67.7711,0.1004,211532.72,397.69,80782,302,55349
164000,5095.4,263381.8,552396,243046,100.0000,99.2958,97.5855,93.2596,67.5050,0.2012,211883.85,398.02,81788,306,56023
166000,5157.7,261033.7,386632,243039,99.8024,99.0119,97.3320,93.2806,64.9209,0.0000,212051.04,394.93,82776,313,56686
168000,5220.0,268734.4,507256,243012,99.4819,98.7565,96.8912,92.2280,69.8446,0.1036,211097.07,396.59,83811,318,57361
170000,5282.4,266157.7,504220,242997,99.6028,99.3049,97.4181,93.4459,67.3287,0.1986,211688.96,395.31,84804,322,58045
172000,5344.2,270987.5,414028,242992,99.7859,99.4647,98.3940,92.8266,70.0214,0.0000,210901.73,395.92,85870,322,58697
174000,5405.2,265862.5,483504,243041,99.8006,99.4018,97.3081,91.9242,68.3948,0.0997,211042.94,399.72,86867,327,59385
176000,5467.2,263353.8,509204,243059,100.0000,99.7059,97.9412,92.5490,67.4510,0.0980,212157.94,397.45,87847,334,60075
178000,5529.9,263995.6,387240,243014,99.7984,99.5968,97.7823,92.1371,66.8347,0.0000,211878.38,393.71,88855,339,60742
180000,5591.3,265080.1,386972,243027,99.7957,98.9785,97.6507,92.9520,67.5179,0.0000,211719.34,399.39,89876,343,61401
182000,5650.6,259631.7,387132,243078,99.7899,99.1597,96.8487,91.7017,64.7059,0.0000,212141.29,398.32,90924,348,62021
184000,5712.8,262511.8,525384,243082,99.9014,99.3097,97.2387,92.5049,65.8777,0.0986,211703.22,394.77,91910,352,62688
186000,5775.5,263013.3,386488,243044,99.9012,99.5059,98.0237,92.6877,66.2055,0.0000,211975.11,394.20,92898,355,63361
188000,5837.2,261210.2,387244,243051,99.9016,98.7205,96.4567,91.7323,66.4370,0.0000,211919.16,392.14,93882,356,64034
190000,5900.3,267677.2,387000,243050,99.9040,99.5202,97.9846,93.2821,68.4261,0.0000,211340.92,396.99,94840,357,64747
192000,5963.4,262792.3,387140,243013,99.6117,99.0291,96.9903,93.1068,66.5049,0.0000,212432.43,390.46,95810,359,65433
194000,6024.8,257934.1,387144,242997,99.6016,99.1036,97.5100,91.7331,63.8446,0.0000,212179.49,397.79,96806,361,65536
196000,6088.0,263441.0,386524,242903,99.7910,98.7461,96.3427,91.6405,67.8161,0.0000,211635.93,397.92,97849,363,65536
198000,6149.8,266545.9,386876,242876,99.4726,99.0506,98.3122,93.8819,68.5654,0.0000,212107.94,389.98,98901,368,65536
200000,6213.4,269964.7,387448,242848,99.8997,99.7994,98.2949,93.4804,70.0100,0.0000,211082.50,397.19,99904,370,65536
202000,6276.6,266671.1,386328,242797,99.5035,98.9076,97.2195,92.3535,69.6127,0.0000,211611.05,392.98,100897,373,65536
204000,6339.6,266797.1,533168,242763,99.7992,99.0964,96.9880,90.6627,69.5783,0.1004,211036.66,395.64,101901,374,65536
206000,6402.9,263757.6,387268,242740,99.9031,99.1279,96.8992,91.5698,66.8605,0.0000,211214.51,400.13,102869,377,65536
208000,6463.8,257689.6,385504,242714,99.8974,98.9744,96.7179,91.5897,63.8974,0.0000,212117.58,395.28,103894,381,65536
210000,6526.9,265947.1,532056,242679,99.8037,99.3131,97.5466,92.2473,67.9097,0.0981,211254.25,396.33,104875,383,65536
212000,6591.7,271985.4,386632,242640,99.8035,99.3124,98.0354,93.8114,70.7269,0.0000,210890.05,394.99,105857,384,65536
214000,6653.6,258713.5,387196,242623,99.7027,99.3062,96.7294,91.3776,65.0149,0.0000,211815.17,396.21,106848,385,65536
216000,6715.9,261240.2,386432,242611,99.7984,99.2944,97.6815,92.7419,65.5242,0.0000,212102.59,389.90,107856,386,65536
218000,6778.7,269365.9,495220,242597,99.8999,99.3994,97.7978,93.3934,68.7688,0.1001,210659.48,398.07,108857,391,65536
220000,6842.4,267085.5,490132,242567,100.0000,99.6120,98.4481,94.1804,68.1862,0.0970,211665.35,393.98,109826,394,65536
222000,6906.1,266710.2,387068,242534,99.8014,99.4042,98.2125,93.2473,68.2224,0.0000,211709.41,394.73,110819,396,65536
224000,6968.4,264973.6,527072,242509,99.6926,99.0779,97.2336,92.2131,67.1107,0.1025,211328.03,394.16,111843,401,65536
226000,7032.1,263230.4,385636,242452,99.8014,98.5104,96.8222,91.5591,68.6197,0.0000,211821.07,393.57,112836,406,65536
228000,7094.4,262562.7,388292,242449,99.7050,99.0167,96.5585,90.8555,67.2566,0.0000,210949.73,400.12,113819,407,65536
230000,7157.4,268627.8,533376,242437,99.9001,99.6004,98.1019,93.5065,69.1309,0.1998,211189.46,396.19,114818,411,65536
232000,7219.2,261270.1,532680,242424,99.7009,98.6042,96.9093,91.2263,65.9023,0.1994,211514.61,394.29,115815,413,65536
234000,7282.4,268409.3,385108,242403,100.0000,99.6036,98.2161,93.0624,69.6729,0.0000,211245.83,395.18,116806,414,65536
236000,7344.5,263007.0,387068,242398,99.7024,99.0079,96.9246,92.5595,65.6746,0.0000,211537.08,397.41,117798,418,65536
238000,7409.7,266457.1,574924,242335,100.0000,99.5188,97.6901,92.6853,68.6237,0.1925,211336.64,393.61,118759,422,65536
240000,7472.0,260735.5,455680,242291,99.6951,98.9837,96.7480,91.9715,66.1585,0.0000,211872.60,395.79,119775,428,65536
242000,7535.3,263296.1,387148,242266,99.3151,98.8258,96.5753,91.3894,67.8082,0.0000,211321.49,391.09,120753,431,65536
244000,7598.6,267731.1,518316,242245,99.5980,98.9950,96.6834,91.8593,69.2462,0.1005,210546.45,398.82,121758,440,65536
246000,7661.4,262839.8,387620,242214,99.8996,99.1968,97.0884,92.2691,66.2651,0.0000,211415.24,395.51,122762,443,65536
248000,7723.0,265184.0,385656,242208,99.5851,99.2739,96.8880,91.9087,67.6349,0.0000,210926.21,397.40,123798,447,65536
250000,7785.5,261104.5,388208,242185,99.7990,99.0955,97.1859,92.6633,66.8342,0.0000,212163.01,390.67,124803,454,65536
252000,7848.4,261361.4,450500,242162,99.7009,99.4018,97.5075,92.2233,65.3041,0.0000,211440.29,397.94,125800,458,65536
254000,7912.2,262384.2,386176,242137,99.8086,99.0431,97.6077,92.1531,66.2201,0.0000,211666.18,395.43,126755,459,65536
256000,7975.3,268814.0,512676,242120,99.7961,99.2864,98.0632,93.5780,69.5209,0.2039,210645.51,402.33,127774,464,65536
258000,8037.8,262879.6,489780,242080,99.5897,98.8718,97.0256,91.4872,67.4872,0.2051,211288.18,398.96,128799,467,65536
260000,8102.0,266538.1,580348,242043,100.0000,99.5010,98.2036,93.8124,67.4651,0.0998,211586.91,389.18,129797,473,65536
262000,8165.1,265978.0,503044,242027,99.7006,99.1018,97.0060,91.6168,69.6607,0.0998,211029.31,396.71,130795,478,65536
264000,8229.5,271082.7,555940,242005,99.9030,99.4180,98.2541,94.1804,68.7682,0.0970,210363.33,394.80,131764,483,65536
266000,8291.3,261973.8,387084,241989,99.6929,98.7718,97.3388,91.8117,66.9396,0.0000,211724.95,390.41,132787,484,65536
268000,8354.1,266369.4,387052,241980,99.8018,99.5045,97.5223,93.0624,68.5828,0.0000,211177.23,395.79,133778,486,65536
270000,8416.8,268014.5,563308,241990,99.6082,99.0206,97.8452,93.1440,69.5397,0.0979,210912.45,397.31,134757,489,65536
272000,8480.0,267651.4,385804,241995,100.0000,99.7115,98.3654,93.3654,69.2308,0.0000,211096.63,397.45,135717,494,65536
274000,8545.2,268955.9,387472,241940,99.8035,99.5088,97.4460,93.1238,69.4499,0.0000,211006.00,394.13,136699,495,65536
276000,8607.6,264880.4,386736,241929,99.8983,99.3896,97.4568,92.2686,68.8708,0.0000,211493.28,391.08,137716,497,65536
278000,8667.1,265272.6,386108,241979,99.7930,99.2754,97.2050,93.1677,67.7019,0.0000,211161.49,394.65,138750,500,65536
280000,8728.4,265844.7,405740,242021,99.8037,99.2149,97.1541,92.4436,68.5967,0.0000,211470.49,390.92,139731,504,65536
282000,8789.3,262384.2,386396,242073,99.7079,98.9289,96.2999,91.1392,66.5044,0.0000,210806.77,396.30,140704,504,65536
284000,8849.8,265624.4,386496,242126,99.8030,99.3103,97.0443,91.9212,68.9655,0.0000,211276.17,392.46,141689,508,65536
286000,8910.1,259559.5,387000,242182,99.8084,99.0421,97.1264,91.9540,65.3257,0.0000,211719.92,392.81,142645,509,65536
288000,8969.5,257491.6,390168,242228,99.8000,99.0000,96.0000,91.3000,64.9000,0.0000,211836.33,399.43,143645,509,65536
290000,9029.6,264800.6,528468,242298,99.9021,99.4123,96.8658,92.1645,68.2664,0.1959,210800.80,396.33,144624,510,65536
292000,9088.0,268292.6,386976,242393,99.6904,99.0712,97.6264,92.1569,69.8658,0.0000,210460.52,394.18,145655,513,65536
294000,9146.9,265494.1,386228,242466,99.5893,99.0760,97.1253,92.2998,68.6858,0.0000,210965.56,397.98,146681,516,65536
296000,9206.6,262857.5,386644,242507,99.5939,99.3909,97.0558,92.5888,66.9036,0.0000,211576.51,391.71,147696,518,65536
298000,9267.5,264756.0,387236,242551,99.8014,99.2056,97.4181,91.7577,67.0308,0.0000,210692.54,394.43,148689,521,65536
300000,9328.4,266628.3,523416,242574,99.8984,99.6951,97.7642,93.4959,67.7846,0.1016,210863.55,395.26,149705,524,65536
302000,9390.4,258854.2,513804,242556,99.9016,98.9173,96.7520,91.6339,65.2559,0.0984,211779.29,394.35,150689,525,65536
304000,9454.5,264812.5,386856,242533,99.9052,99.7156,98.1991,92.5118,67.5829,0.0000,211262.18,393.50,151634,526,65536
306000,9517.1,269706.0,504008,242522,99.7936,98.8648,96.8008,90.9185,70.1754,0.1032,210091.81,391.72,152665,527,65536
308000,9577.9,261114.4,387388,242526,99.5918,99.0816,96.4286,91.1224,66.5306,0.0000,211294.74,393.84,153685,534,65536
310000,9640.3,259279.3,524840,242515,99.9026,99.3184,96.9815,91.3340,64.6543,0.1947,211583.57,396.19,154658,536,65536
312000,9705.7,271222.6,587928,242460,99.7000,99.1000,97.5000,93.2000,70.5000,0.3000,210408.16,393.89,155658,539,65536
314000,9769.1,265867.3,507660,242412,99.5825,99.1649,97.4948,91.7537,68.7891,0.1044,210858.62,395.54,156700,541,65536
316000,9832.8,265181.9,529176,242384,100.0000,99.7096,98.3543,93.8045,67.3766,0.1936,211450.39,391.38,157667,547,65536
318000,9895.7,267324.8,473612,242362,100.0000,99.2864,98.1651,93.6799,69.5209,0.1019,211097.77,395.36,158686,553,65536
320000,9957.3,258887.7,386348,242341,99.4970,98.7928,95.6740,90.0402,66.8008,0.0000,211174.43,397.51,159692,554,65536
322000,10021.7,264736.7,387128,242312,99.7140,99.2374,97.4261,92.7550,67.9695,0.0000,211284.91,394.36,160643,558,65536
324000,10085.0,263022.5,488792,242279,99.8991,99.2936,97.3764,92.0283,66.8012,0.1009,211132.66,393.22,161652,565,65536
326000,10148.4,264715.3,414848,242258,99.9022,99.2180,97.6540,92.0821,67.8397,0.0000,210854.31,396.60,162629,567,65536
328000,10210.5,262911.1,533484,242227,99.6842,98.9474,97.0526,91.2632,67.0526,0.2105,211233.61,392.72,163679,569,65536
330000,10273.0,262202.6,476328,242210,99.8024,99.2095,96.8379,91.8972,66.7984,0.0988,211470.35,389.99,164667,572,65536
332000,10335.8,263036.4,387432,242185,99.8993,99.7986,97.4824,92.1450,67.4723,0.0000,211729.02,391.08,165674,576,65536
334000,10399.0,266464.6,534172,242172,99.8049,98.8293,96.5854,92.0976,69.2683,0.0976,210683.86,392.31,166649,578,65536
336000,10461.3,264318.9,521664,242162,99.7965,99.1862,96.6429,91.1495,68.6673,0.1017,210766.30,394.27,167666,581,65536
338000,10523.3,265376.5,387368,242145,99.7895,98.9474,97.2632,92.3158,68.5263,0.0000,210953.38,393.80,168716,586,65536
340000,10585.7,261813.3,386948,242140,99.8018,99.1080,97.1259,90.4856,66.9970,0.0000,210834.46,397.76,169707,592,65536
342000,10650.0,269960.4,385896,242122,99.8039,99.2157,97.2549,91.9608,70.7843,0.0000,210395.35,389.73,170687,595,65536
344000,10712.5,264608.7,387356,242127,99.8014,99.1063,96.6236,90.6653,68.8183,0.0000,210600.35,394.83,171680,599,65536
346000,10773.4,262984.0,386812,242154,99.8043,99.5108,96.9667,91.9765,67.4168,0.0000,210994.98,394.70,172658,607,65536
348000,10833.5,259563.3,387212,242176,99.8987,99.3921,97.6697,92.2999,64.3364,0.0000,211162.89,395.81,173671,608,65536
350000,10894.1,261486.9,506732,242203,99.7024,98.9087,97.0238,90.8730,65.7738,0.2976,210952.92,393.19,174663,609,65536
352000,10954.6,264447.8,488336,242236,100.0000,99.6982,97.9879,92.5553,67.2032,0.1006,210858.78,388.32,175669,611,65536
354000,11018.1,261884.6,522364,242214,99.6098,99.5122,97.7561,92.0000,66.1463,0.0976,211026.96,398.44,176644,617,65536
356000,11080.6,263428.3,387288,242199,99.8990,98.9899,97.8788,92.1212,66.7677,0.0000,211045.40,391.71,177654,620,65536
358000,11142.1,263922.1,387208,242223,99.9026,99.2210,97.6631,92.0156,66.6018,0.0000,210639.29,391.93,178627,621,65536
360000,11202.4,258513.0,482028,242230,100.0000,99.1778,97.0195,91.0586,65.7760,0.1028,211465.11,395.45,179654,623,65536
362000,11263.7,266210.5,565464,242243,99.6936,99.1828,98.0592,93.1563,69.2543,0.1021,211134.40,392.79,180675,626,65536
364000,11324.7,263831.9,386940,242251,99.6936,99.2850,97.0378,92.1348,67.3136,0.0000,210806.06,392.64,181696,629,65536
366000,11386.1,265304.4,503296,242260,99.4882,98.9765,96.9294,92.8352,67.7584,0.1024,210678.60,392.24,182719,633,65536
368000,11449.1,265488.2,533228,242247,99.7041,99.5069,96.9428,91.2229,68.2446,0.1972,210307.93,391.18,183705,641,65536
370000,11510.8,265946.9,556148,242265,99.9017,99.2134,97.7384,92.6254,68.2399,0.1967,210610.79,397.23,184688,646,65536
372000,11574.3,263098.2,532428,242233,99.8012,99.1054,97.1173,91.6501,66.1034,0.1988,210587.15,396.71,185682,648,65536
374000,11636.0,268081.9,522644,242251,99.8992,99.6976,97.9839,94.1532,67.9435,0.2016,210296.27,397.17,186690,649,65536
376000,11697.9,263029.6,585712,242264,99.5112,98.7292,96.3832,91.3978,67.2532,0.2933,210542.00,399.58,187667,651,65536
378000,11760.4,264032.7,387184,242262,99.8043,99.2172,97.3581,92.5636,67.9061,0.0000,210597.46,395.75,188645,655,65536
380000,11824.5,266941.9,533872,242233,99.7059,98.9216,96.2745,91.4706,68.5294,0.2941,209872.40,399.84,189625,657,65536
382000,11887.5,263403.7,385788,242214,99.6075,98.7242,97.3503,93.1305,66.1433,0.0000,210753.37,399.53,190606,660,65536
384000,11949.7,258407.1,387084,242180,99.8989,99.5956,98.1800,91.5066,64.4085,0.0000,211093.89,399.96,191617,663,65536
386000,12012.8,264162.2,584784,242151,99.8995,99.6985,97.9899,92.6633,67.5377,0.2010,210727.74,397.18,192622,664,65536
388000,12076.6,263609.7,386992,242117,99.7015,98.7065,97.2139,92.9353,67.6617,0.0000,210865.12,393.74,193617,668,65536
390000,12138.1,263076.5,457420,242122,99.7996,99.2986,98.1964,92.5852,66.2325,0.1002,210811.70,394.89,194619,670,65536
392000,12203.4,261736.7,387116,242062,99.7062,99.1185,95.8864,90.8913,68.4623,0.0000,210612.73,396.26,195598,672,65536
394000,12267.0,267778.6,531736,242031,99.8973,98.8706,97.4333,92.0945,68.5832,0.1027,209834.77,397.74,196624,680,65536
396000,12329.9,265920.5,471808,242006,99.4813,98.9627,97.3029,92.2199,68.2573,0.1037,210132.35,399.40,197660,682,65536
398000,12392.3,263827.4,385524,241987,99.8957,99.4786,97.3931,90.3024,67.7789,0.0000,210158.85,398.95,198701,684,65536
400000,12455.4,266495.6,386656,241963,100.0000,99.4835,97.5207,94.1116,67.7686,0.0000,210519.06,393.99,199733,688,65536
402000,12518.2,265720.3,557008,241951,99.8006,99.1027,97.3081,91.3260,69.5912,0.0997,210194.56,396.04,200730,689,65536
404000,12579.5,259769.9,405876,241935,99.8957,99.3743,97.2888,91.5537,65.2763,0.0000,210657.88,399.54,201771,693,65536
406000,12641.4,261304.9,572544,241917,99.8981,99.3884,97.6555,92.7625,66.2589,0.2039,211307.19,393.51,202790,696,65536
408000,12704.7,266810.8,386092,241896,99.6945,99.4908,97.6578,92.9735,67.9226,0.0000,210217.21,397.09,203808,701,65536
410000,12767.4,263653.1,386260,241878,99.7994,98.9970,97.4925,92.7783,66.9007,0.0000,210644.65,396.23,204811,706,65536
412000,12832.4,271329.2,386824,241847,99.8000,99.5000,98.0000,92.9000,69.4000,0.0000,209388.82,395.58,205811,708,65536
414000,12894.6,265733.8,385124,241834,99.7936,99.6904,97.7296,93.0857,67.3891,0.0000,210421.67,392.02,206842,713,65536
416000,12955.9,263359.1,387276,241841,99.8992,99.3952,96.9758,91.9355,67.5403,0.0000,210529.83,393.09,207850,715,65536
418000,13017.8,265754.0,408688,241856,100.0000,99.5103,97.9432,92.5563,67.7767,0.0000,209825.84,399.55,208829,719,65536
420000,13081.4,262410.4,388564,241835,99.7093,99.1279,97.5775,92.4419,66.3760,0.0000,210851.57,393.78,209797,721,65536
422000,13144.3,260882.8,528860,241809,99.6976,99.0927,96.5726,92.6411,66.7339,0.1008,211085.34,393.40,210805,725,65536
424000,13207.5,264730.6,529644,241796,99.6071,99.3124,96.9548,92.9273,67.6817,0.0982,210477.67,392.76,211787,729,65536
426000,13271.6,271183.1,386660,241776,99.8981,99.4903,97.7574,94.8012,70.6422,0.0000,209936.04,393.22,212806,731,65536
428000,13336.8,264316.1,500912,241726,99.9008,99.6032,97.9167,92.4603,67.9563,0.0992,210812.67,394.46,213798,734,65536
430000,13398.8,265052.2,532548,241730,99.7980,99.2929,97.5758,92.0202,66.7677,0.3030,209969.42,399.78,214808,740,65536
432000,13460.1,264509.6,384716,241738,99.8986,99.2901,96.6531,91.4807,68.4584,0.0000,210281.05,395.03,215822,747,65536
434000,13522.0,262967.7,444892,241748,99.7041,99.3097,97.8304,92.5049,67.1598,0.0000,210594.74,390.71,216808,752,65536
436000,13582.9,265648.6,472836,241769,99.4975,98.4925,97.0854,92.1608,68.7437,0.1005,210228.73,393.74,217813,758,65536
438000,13643.8,266750.9,426156,241792,99.8990,99.5960,97.9798,93.4343,68.1818,0.0000,210587.18,388.45,218823,762,65536
440000,13706.3,266249.7,386684,241803,99.9027,99.3191,98.0545,93.2879,67.7043,0.0000,210300.85,391.55,219795,765,65536
442000,13767.5,263430.5,497400,241823,99.9016,99.3110,97.7362,92.7165,66.9291,0.1969,210806.14,389.16,220779,769,65536
444000,13829.3,267738.9,386844,241834,99.5976,98.9940,97.6861,93.7626,69.4165,0.0000,210265.21,395.29,221785,773,65536
446000,13892.0,265502.4,513956,241827,99.8997,99.4985,97.9940,93.9819,66.8004,0.1003,210257.57,399.33,222788,775,65536
448000,13955.2,268218.1,385424,241824,99.8030,99.5074,97.4384,92.0197,70.3448,0.0000,209998.13,392.57,223773,776,65536
450000,14017.6,265363.5,577240,241812,99.5863,99.0693,97.9317,92.5543,67.8387,0.2068,210243.23,391.93,224806,778,65536
452000,14082.3,259295.0,525956,241774,99.8079,99.1354,97.1182,91.7387,64.7454,0.0961,211233.32,392.75,225765,781,65536
454000,14146.0,264264.0,435864,241766,99.8071,99.1321,96.8177,91.9961,67.4060,0.0000,210007.70,393.62,226728,785,65536
456000,14210.0,266749.6,515184,241748,99.7050,99.0167,96.9518,91.9371,68.8299,0.0983,209739.26,394.25,227711,792,65536
458000,14274.0,265175.8,533464,241728,99.8049,99.3171,97.7561,92.2927,67.5122,0.0976,209844.37,395.59,228686,797,65536
460000,14336.1,267049.6,387068,241742,99.8037,99.2149,97.4485,93.1305,68.2041,0.0000,209771.94,394.22,229667,799,65536
462000,14400.4,263299.8,387072,241706,99.8028,99.3097,96.9428,91.2229,66.9625,0.0000,210318.50,392.45,230653,804,65536
